{
  "version": 1,
  "author": "Anonymous maker",
  "editor": "wokwi",
  "parts": [
    { "type": "wokwi-breadboard", "id": "bb1", "top": 45, "left": 118, "attrs": {} },
    { "type": "wokwi-arduino-uno", "id": "uno", "top": -38, "left": -173.34, "attrs": {} },
    {
      "type": "wokwi-led",
      "id": "led1",
      "top": 54,
      "left": 205.8,
      "attrs": { "color": "red", "flip": "1" }
    },
    {
      "type": "wokwi-resistor",
      "id": "r1",
      "top": 99.95,
      "left": 230.4,
      "attrs": { "value": "1000" }
    },
    { "type": "wokwi-slide-switch", "id": "sw1", "top": 71.6, "left": 166.3, "attrs": {} }
  ],
  "connections": [
    [ "uno:GND.2", "bb1:bn.11", "black", [ "v125.19", "h296.73" ] ],
    [ "uno:5V", "sw1:1", "red", [ "v0" ] ],
    [ "led1:A", "bb1:9t.a", "", [ "$bb" ] ],
    [ "led1:C", "bb1:10t.a", "", [ "$bb" ] ],
    [ "sw1:2", "bb1:7t.d", "green", [ "v0" ] ],
    [ "bb1:7t.d", "bb1:9t.d", "green", [ "v0" ] ],
    [ "led1:A", "bb1:9t.d", "green", [ "v0" ] ],
    [ "r1:1", "bb1:10t.b", "", [ "$bb" ] ],
    [ "r1:2", "bb1:16t.b", "", [ "$bb" ] ],
    [ "r1:2", "bb1:bn.12", "green", [ "v0" ] ],
    [ "sw1:1", "bb1:4t.b", "", [ "$bb" ] ],
    [ "sw1:2", "bb1:5t.b", "", [ "$bb" ] ],
    [ "sw1:3", "bb1:6t.b", "", [ "$bb" ] ]
  ],
  "dependencies": {}
}