{
  "version": 1,
  "author": "Anonymous maker",
  "editor": "wokwi",
  "parts": [
    { "type": "wokwi-breadboard", "id": "bb1", "top": 45, "left": 118, "attrs": {} },
    { "type": "wokwi-arduino-uno", "id": "uno", "top": -38, "left": -173.34, "attrs": {} },
    {
      "type": "wokwi-led",
      "id": "led1",
      "top": 82.8,
      "left": 407.4,
      "attrs": { "color": "red", "flip": "1" }
    },
    {
      "type": "wokwi-resistor",
      "id": "r1",
      "top": 99.95,
      "left": 153.6,
      "attrs": { "value": "1000" }
    },
    {
      "type": "wokwi-resistor",
      "id": "r2",
      "top": 128.75,
      "left": 307.2,
      "attrs": { "value": "1000" }
    },
    { "type": "wokwi-slide-switch", "id": "sw1", "top": 62, "left": 223.9, "attrs": {} }
  ],
  "connections": [
    [ "uno:GND.2", "bb1:bn.11", "black", [ "v125.19", "h296.73" ] ],
    [ "uno:5V", "r1:1", "red", [ "v0" ] ],
    [ "r1:2", "uno:7", "green", [ "v-161.63", "h-199.2" ] ],
    [ "uno:8", "bb1:18t.c", "green", [ "v-40.98", "h238.7" ] ],
    [ "r2:2", "led1:A", "green", [ "v0" ] ],
    [ "led1:A", "bb1:30t.d", "", [ "$bb" ] ],
    [ "led1:C", "bb1:31t.d", "", [ "$bb" ] ],
    [ "r1:1", "bb1:2t.b", "", [ "$bb" ] ],
    [ "r1:2", "bb1:8t.b", "", [ "$bb" ] ],
    [ "led1:C", "bb1:17b.i", "green", [ "v0" ] ],
    [ "bb1:bn.13", "bb1:17b.i", "green", [ "v0" ] ],
    [ "r2:1", "bb1:18t.e", "", [ "$bb" ] ],
    [ "r2:2", "bb1:24t.e", "", [ "$bb" ] ],
    [ "r1:2", "sw1:1", "green", [ "v0" ] ],
    [ "sw1:2", "bb1:bn.8", "green", [ "v0" ] ],
    [ "sw1:1", "bb1:10t.a", "", [ "$bb" ] ],
    [ "sw1:2", "bb1:11t.a", "", [ "$bb" ] ],
    [ "sw1:3", "bb1:12t.a", "", [ "$bb" ] ]
  ],
  "dependencies": {}
}